,fi,en,course,type,primary,verb type
0,aivot,brain,1,noun,secondary,
1,allekirjoitus,signature,1,noun,secondary,
2,apua,help,1,noun,primary,
3,asua,live,1,verb,primary,1.0
4,ei kovin hyvää,i'm not so good;im not so good,1,phrase,primary,
5,ei mitään erityistä;ei mitään erikoista,nothing special,1,phrase,primary,
6,entä sulle,what about you;and you,1,phrase,primary,
7,eronnut,divorced,1,adjective,secondary,
8,essee,essay,1,noun,primary,
9,etunimini,first name;given name,1,noun,secondary,
10,hauska tavata,nice to meet you,1,phrase,primary,
11,he,they,1,pronoun,primary,
12,henkilötunnus,social security code;social security number;id;identity code,1,noun,secondary,
13,huomenta,morning,1,noun,primary,
14,hyvää huomenta,good morning,1,phrase,primary,
15,hän,she;he;they,1,noun,primary,
16,ihan hyvää,i'm quite fine;im quite fine,1,phrase,primary,
17,ilta,evening,1,noun,primary,
18,jutella,chat,1,verb,secondary,
19,kandiopiskelija,bachelor's student;bachelors student;bachelor student,1,noun,primary,
20,kansalaissus,citizenship;nationality,1,noun,secondary,
21,kieli,language,1,noun,primary,
22,kirjasto,library,1,noun,primary,
23,kirjo,book,1,noun,primary,
24,kitos hyvää,i'm fine thank you;im fine thank you,1,phrase,primary,
25,kiva,nice;cool,1,noun,secondary,
26,kotitehtävä,homework,1,noun,primary,
27,koto,home,1,noun,primary,
28,koulutusohjelma,study programme;study program,1,noun,secondary,
29,kuka,who,1,adverb,primary,
30,kurssi,course,1,noun,primary,
31,kysyä,ask,1,noun,primary,
32,luento,lecture,1,noun,primary,
33,läppäri,laptop,1,noun,primary,
34,maa,country;land,1,noun,primary,
35,maisteriopiskelija,master's student;masters student;master student,1,noun,primary,
36,matkustaa,travel,1,verb,primary,1.0
37,me,we,1,pronoun,primary,
38,miksi,why,1,adverb,primary,
40,minkämaalainen,nationality;country,1,noun,primary,
41,minä;mä,me;i,1,pronoun,primary,
42,missä,in where;where,1,adverb,primary,
43,mistä,from where;where,1,adverb,primary,
44,miten,how,1,adverb,primary,
45,miten menee,how is it going,1,phrase,primary,
46,mitä;mikä,what,1,adverb,primary,
47,mitä kuuluu;mitä sulle kuuluu,how are you,1,phrase,primary,
48,mukaan,to go;along;with,1,adverb,primary,
49,mä olen väsynyt,i'm tired;im tired,1,phrase,primary,
50,naimaton,unmarried,1,adjective,secondary,
51,naimisissa,married,1,adjective,secondary,
52,nyt,now,1,adverb,primary,
53,olla,be,1,verb,primary,
54,opiskella,study,1,verb,primary,
55,osoite,address,1,noun,secondary,
56,peruna,potato,1,noun,primary,
57,postinumero,post code,1,noun,secondary,
58,puhelin,phone,1,noun,secondary,
59,puhua,speak,1,verb,primary,1.0
60,päiväys,date,1,noun,secondary,
61,päivää,afternoon,1,noun,primary,
62,pääkaupunki,capital city;capital,1,noun,secondary,
63,rakastaa,love,1,verb,primary,1.0
64,saari,island,1,noun,secondary,
65,sanoa,say,1,noun,primary,
66,se,it,1,pronoun,primary,
67,sinä;sä,you,1,pronoun,primary,
68,siviilisäty,marital status;marriage status,1,noun,secondary,
69,sukunimi,last name;surname,1,noun,secondary,
70,syntymäaika;henkilötietona,birth date,1,noun,secondary,
71,syntymäpaikka,place of birth;birthplace,1,noun,secondary,
72,tarkoittaa,mean,1,verb,secondary,
73,te,yall;you;youse,1,pronoun,primary,
74,tentti,exam,1,noun,primary,
75,terveydeksi,bless you,1,phrase,secondary,
76,toimi,work;job;task,1,noun,secondary,
77,toistaa,repeat,1,verb,secondary,
78,tosi hyvää;todella hyvää,i'm very good;im very good,1,phrase,primary,
79,tutkia,research,1,verb,primary,
80,tutkintoopiskelija,degree student,1,noun,primary,
81,työ,work,1,noun,secondary,
82,tänään,today,1,adverb,primary,
83,täällä,for here,1,noun,primary,
84,venäjä,russia,1,noun,primary,
85,voi ei,oh no,1,phrase,primary,
86,vähän,little;few;a bit;a little,1,adverb,primary,
87,yliopisto,university,1,noun,primary,
88,ymmärtää,understand,1,verb,primary,1.0
89,yö,night,1,noun,primary,
90,äidinkieli,mother tounge;first language;native tounge;native language,1,noun,primary,
